[
  {
      "$schema": "https://unpkg.com/@camunda/element-templates-json-schema@0.9.1/resources/schema.json",
      "name": "Adcubum CallActivity",
      "id": "com.adcubum.element-template.AdcCallActivity",
      "entriesVisible": true,
      "appliesTo": [
        "bpmn:CallActivity"
      ],
      "properties": [
        {
          "label": "Input business key",
          "description": "Sets the business key for the sub process",
          "type": "String",
          "value": "#{execution.processBusinessKey}",
          "editable": false,
          "binding": {
            "type": "camunda:in:businessKey"
          }
        }
      ]
  }
]
  