[
  {
    "$schema": "https://unpkg.com/@camunda/element-templates-json-schema@0.9.1/resources/schema.json",
    "name": "Adcubum MetaRule with ReturnValue",
    "id": "com.adcubum.element-template.MetaRuleWithReturn",
    "appliesTo": [
      "bpmn:ServiceTask"
    ],
    "properties": [
    {
        "label": "Implementation Type",
        "type": "Hidden",
        "value": "syrius.modul_bl.processengine.api.delegates.MetaRuleDecisionDelegate",
        "editable": false,
        "binding": {
          "type": "property",
          "name": "camunda:class"
        }
    },
      {
        "label": "Auszuführende Entscheidungstabelle",
        "type": "String",
      "value": "MR_XY",
      "description": "InternalName der Entscheidungstabelle welche ausgeführt werden soll. Die Entscheidungstabelle muss auf dem System vorhanden sein und muss vom Typ 'Programmiert mit Rückgabewert' sein.",
        "binding": {
          "type": "camunda:property",
          "name": "PropertyMetaRuleInternalName"
        } 
      },
      {
        "label": "Variable für Kontextaufbau",
        "type": "String",
      "value": "",
      "description": "Definiert die Variable die den VOKey für den Kontextaufbau enthält.",
        "binding": {
          "type": "camunda:property",
          "name": "PropertyInputVariable"
        } 
      },
      {
        "label": "Variable für Rückgabewert",
        "type": "String",
      "value": "returnVar",
      "description": "Definiert die Variable, in die der Rückgabewert der Entscheidungstabelle abgefüllt wird. Diese Variable wird im weiteren Verlauf vom Prozess zugreifbar sein.",
        "binding": {
          "type": "camunda:property",
          "name": "PropertyReturnVariable"
        } 
      }
    ]
  }
]