{
    "name": "Syrius Core CallActivity",
    "id": "com.adcubum.element-template.AdcSyriusCoreCallActivity",
    "appliesTo": [
      "bpmn:CallActivity"
    ],
    "properties": [
      {
        "label": "Input business key",
        "description": "Sets the business key for the sub process",
        "type": "String",
        "value": "#{execution.processBusinessKey}",
        "editable": false,
        "binding": {
          "type": "camunda:in:businessKey"
        }
      },
      {
        "label": "Start as included BusinessEvent",
        "type": "Boolean",
      "value": false,
      "description": "If true, the called process will get his own BusinessEventId and will be registered as own BusinessProcess. It is connected by the parent Process as it is included / part of the parent BusinessEvent.",
      "editable": true,
        "binding": {
          "type": "camunda:property",
          "name": "startNewBusinessEvent"
        } 
      }
    ],
    "entriesVisible": {
      "_all": true,
      "tenant-id": false
    }
  }
