{
    "name": "Adcubum CallActivity",
    "id": "com.adcubum.element-template.AdcCallActivity",
    "appliesTo": [
      "bpmn:CallActivity"
    ],
    "properties": [
      {
        "label": "Input business key",
        "description": "Sets the business key for the sub process",
        "type": "String",
        "value": "#{execution.processBusinessKey}",
        "editable": false,
        "binding": {
          "type": "camunda:in:businessKey"
        }
      }
    ],
    "entriesVisible": {
      "_all": true,
      "tenant-id": false
    }
  }
