{
  "name": "Adcubum User Task Activity",
  "id": "com.adcubum.element-template.AdcUserTask",
  "appliesTo": [
    "bpmn:UserTask"
  ],
  "properties": [
    {
      "label": "UserTask FormKey",
      "type": "String",
      "value": "",
	  "description": "FormKey welcher mit dem FormKey der @UserTask Annotation vom entsprechenden Formular matchen muss. Kann leer sein wenn die Aufgabe kein dediziertes Formaular enhält.",
      "binding": {
        "type": "property",
        "name": "camunda:formKey"
      }
    }
  ]
}
